time,text
2022-12-28 13:38:51.397225,start run-cycle 0
2022-12-28 13:38:51.397642,start task cycle 0
2022-12-28 13:38:51.398288,running telco_churn_tr
2022-12-28 13:38:53.972949,"canonical shape is (7043, 52)"
2022-12-28 13:38:53.976836,running telco_churn_sb
2022-12-28 13:39:11.884329,"canonical shape is (1000, 52)"
2022-12-28 13:39:11.885377,running telco_churn_wr
2022-12-28 13:39:12.068636,"canonical shape is (1000, 1428)"
2022-12-28 13:39:12.069722,tasks complete
2022-12-28 13:39:12.070228,end of report
